INSERT INTO iscy_control_control (
    id, control_number, code, group_code, group_name, title, objective,
    evidence_guidance, owner_role, maturity_target, is_active, sort_order, created_at, updated_at
) VALUES
    (1, 1, 'ISCY-01', 'GRC', 'Governance & Risiko', 'Management-Verantwortung', 'Die oberste Leitung steuert Informationssicherheit, Cyberresilienz und Compliance nachvollziehbar.', 'Management-Freigaben, Rollen, Budgetentscheidungen, Sicherheitsziele und Verantwortlichkeitsmatrix.', 'Management', 4, TRUE, 10, '2026-06-14T00:00:00Z', '2026-06-14T00:00:00Z'),
    (2, 2, 'ISCY-02', 'GRC', 'Governance & Risiko', 'Risikomanagement', 'Risiken werden identifiziert, bewertet, behandelt und in Entscheidungen zur Steuerung genutzt.', 'Risikomethodik, Risikoregister, Treatment-Entscheidungen, Review-Protokolle und Risiko-KPIs.', 'Risk Owner', 4, TRUE, 20, '2026-06-14T00:00:00Z', '2026-06-14T00:00:00Z'),
    (3, 3, 'ISCY-03', 'GRC', 'Governance & Risiko', 'Projekt- und Demand-Governance', 'Neue Vorhaben, Demand und Architekturentscheidungen werden sicherheits- und complianceorientiert gesteuert.', 'Demand-Board, Security-Gates, Architekturentscheidungen, Datenschutz- und Sicherheitsfreigaben.', 'ISMS Manager', 3, TRUE, 30, '2026-06-14T00:00:00Z', '2026-06-14T00:00:00Z'),
    (4, 4, 'ISCY-04', 'GRC', 'Governance & Risiko', 'Incident Response', 'Sicherheitsvorfaelle werden erkannt, bewertet, eingedaemmt, gemeldet und nachbereitet.', 'Incident-Runbooks, Timeline, Meldepakete, Lessons Learned, Kommunikations- und Freigabenachweise.', 'CISO', 4, TRUE, 40, '2026-06-14T00:00:00Z', '2026-06-14T00:00:00Z'),
    (5, 5, 'ISCY-05', 'GRC', 'Governance & Risiko', 'Business Continuity Management', 'Kritische Leistungen bleiben auch bei Stoerungen beherrschbar und wiederanlaufbar.', 'BIA, Wiederanlaufplaene, Krisenorganisation, BCM-Tests und Abweichungsbehandlung.', 'Process Owner', 4, TRUE, 50, '2026-06-14T00:00:00Z', '2026-06-14T00:00:00Z'),
    (6, 6, 'ISCY-06', 'OPS', 'Betrieb & Daten', 'Backup und Restore', 'Backups sind vollstaendig, geschuetzt, getestet und an Wiederanlaufziele gekoppelt.', 'Backup-Konzept, Restore-Test, Retention, Offline-/Immutable-Kopie und Erfolgsprotokolle.', 'IT Operations', 4, TRUE, 60, '2026-06-14T00:00:00Z', '2026-06-14T00:00:00Z'),
    (7, 7, 'ISCY-07', 'OPS', 'Betrieb & Daten', 'Vulnerability Management', 'Schwachstellen werden risikobasiert priorisiert, behandelt und gegen Assets/Produkte nachvollzogen.', 'CVE-Bewertungen, Patch-Nachweise, Ausnahmen, KEV/EPSS-Kontext und Remediation-Status.', 'Security Operations', 4, TRUE, 70, '2026-06-14T00:00:00Z', '2026-06-14T00:00:00Z'),
    (8, 8, 'ISCY-08', 'OPS', 'Betrieb & Daten', 'Monitoring und Detection', 'Sicherheitsrelevante Ereignisse werden protokolliert, korreliert und handlungsfaehig alarmiert.', 'Logging-Konzept, SIEM-Regeln, Use Cases, Alarmtests, Retention und Detection-Nachweise.', 'Security Operations', 4, TRUE, 80, '2026-06-14T00:00:00Z', '2026-06-14T00:00:00Z'),
    (9, 9, 'ISCY-09', 'OPS', 'Betrieb & Daten', 'IAM und Access Control', 'Identitaeten, Rollen, Privilegien und Zugriffe werden lebenszyklusorientiert gesteuert.', 'MFA, Rollenmodell, Rezertifizierungen, privilegierte Konten, Joiner-Mover-Leaver-Nachweise.', 'Identity Owner', 4, TRUE, 90, '2026-06-14T00:00:00Z', '2026-06-14T00:00:00Z'),
    (10, 10, 'ISCY-10', 'OPS', 'Betrieb & Daten', 'Asset Management', 'Informationswerte, Systeme, Komponenten und Verantwortlichkeiten sind aktuell und klassifiziert.', 'Asset-Register, Kritikalitaet, Owner, CPE/PURL/SBOM-Bezug, Lifecycle und Scope-Entscheidungen.', 'Asset Owner', 4, TRUE, 100, '2026-06-14T00:00:00Z', '2026-06-14T00:00:00Z'),
    (11, 11, 'ISCY-11', 'OPS', 'Betrieb & Daten', 'Data Governance', 'Datenklassen, Schutzbedarf, Verarbeitung und Nachweise werden geregelt und kontrolliert.', 'Dateninventar, Klassifizierung, Aufbewahrung, Loeschung, Verschluesselung und DSGVO-Nachweise.', 'Data Owner', 4, TRUE, 110, '2026-06-14T00:00:00Z', '2026-06-14T00:00:00Z'),
    (12, 12, 'ISCY-12', 'PSC', 'Produkt & Lieferkette', 'Change Management', 'Aenderungen an Systemen, Produkten und Prozessen werden kontrolliert geplant, getestet und freigegeben.', 'Change-Tickets, Risikoabschaetzung, Freigaben, Rollback, Testnachweise und Notfall-Changes.', 'Change Manager', 3, TRUE, 120, '2026-06-14T00:00:00Z', '2026-06-14T00:00:00Z'),
    (13, 13, 'ISCY-13', 'PSC', 'Produkt & Lieferkette', 'Security by Design', 'Sicherheit, Datenschutz und Resilienz werden frueh in Anforderungen und Architektur verankert.', 'Security Requirements, Threat Modeling, Privacy by Design, Default-Konfiguration und Architekturreviews.', 'Product Security', 4, TRUE, 130, '2026-06-14T00:00:00Z', '2026-06-14T00:00:00Z'),
    (14, 14, 'ISCY-14', 'PSC', 'Produkt & Lieferkette', 'Secure SDLC', 'Software und Produkte werden ueber Entwicklung, Build, Test und Release abgesichert.', 'Code-Review, SAST/DAST, Dependency-Scanning, Release-Gates, Signaturen und Build-Nachweise.', 'Engineering', 4, TRUE, 140, '2026-06-14T00:00:00Z', '2026-06-14T00:00:00Z'),
    (15, 15, 'ISCY-15', 'PSC', 'Produkt & Lieferkette', 'Third-Party Risk', 'Dienstleister und Auslagerungen werden risikobasiert ausgewaehlt, vertraglich gesteuert und ueberwacht.', 'Lieferantenregister, Kritikalitaet, Vertragsklauseln, Auditrechte, SLA und Review-Nachweise.', 'Vendor Manager', 4, TRUE, 150, '2026-06-14T00:00:00Z', '2026-06-14T00:00:00Z'),
    (16, 16, 'ISCY-16', 'PSC', 'Produkt & Lieferkette', 'Supply Chain Transparency', 'Komponenten, Herkunft, Abhaengigkeiten und Advisories bleiben ueber den Lebenszyklus nachvollziehbar.', 'SBOM, CSAF, CPE/PURL, Komponentenregister, Supportfenster, Advisories und Lieferkettennachweise.', 'Product Security', 4, TRUE, 160, '2026-06-14T00:00:00Z', '2026-06-14T00:00:00Z'),
    (17, 17, 'ISCY-17', 'AUD', 'Menschen & Audits', 'Awareness und Training', 'Rollenbezogene Sicherheitskompetenz wird geplant, vermittelt und wirksam nachgewiesen.', 'Trainingsplan, Teilnahme, Phishing-Tests, Rollenmodule und Wirksamkeitsmessung.', 'HR / Awareness', 3, TRUE, 170, '2026-06-14T00:00:00Z', '2026-06-14T00:00:00Z'),
    (18, 18, 'ISCY-18', 'AUD', 'Menschen & Audits', 'Krisenkommunikation', 'Interne und externe Kommunikation in Vorfaellen und Krisen ist abgestimmt, freigegeben und geuebt.', 'Kontaktlisten, Kommunikationsmatrix, Freigaben, Vorlagen, Uebungen und Stakeholder-Protokolle.', 'Communications', 3, TRUE, 180, '2026-06-14T00:00:00Z', '2026-06-14T00:00:00Z'),
    (19, 19, 'ISCY-19', 'AUD', 'Menschen & Audits', 'Regulatorik-Management', 'Relevante Pflichten werden identifiziert, versioniert, gemappt und in Umsetzung ueberfuehrt.', 'Rechtsregister, Mapping-Versionen, Applicability, Gap-Analysen, Quellen und Aenderungsbewertung.', 'Compliance Manager', 4, TRUE, 190, '2026-06-14T00:00:00Z', '2026-06-14T00:00:00Z'),
    (20, 20, 'ISCY-20', 'AUD', 'Menschen & Audits', 'Policy-Management', 'Policies und Verfahren sind freigegeben, kommuniziert, versioniert und wirksam gepflegt.', 'Policy-Register, Freigaben, Versionshistorie, Kommunikation, Reviews und Ausnahmen.', 'ISMS Manager', 4, TRUE, 200, '2026-06-14T00:00:00Z', '2026-06-14T00:00:00Z'),
    (21, 21, 'ISCY-21', 'AUD', 'Menschen & Audits', 'Interne Audits', 'Interne Audits pruefen Umsetzung, Wirksamkeit und Nachweise gegen Scope und Risiken.', 'Auditprogramm, Stichproben, Feststellungen, Massnahmen, Wirksamkeitspruefung und Abschlussbericht.', 'Internal Audit', 3, TRUE, 210, '2026-06-14T00:00:00Z', '2026-06-14T00:00:00Z'),
    (22, 22, 'ISCY-22', 'AUD', 'Menschen & Audits', 'Externe Audits und Customer Assurance', 'Kunden-, Zertifizierungs- und Aufsichtsnachweise werden strukturiert vorbereitet und freigegeben.', 'Auditpakete, TISAX-/Kundennachweise, Freigaben, Scope, Findings und Kommunikationsprotokolle.', 'Compliance Manager', 3, TRUE, 220, '2026-06-14T00:00:00Z', '2026-06-14T00:00:00Z'),
    (23, 23, 'ISCY-23', 'LEARN', 'Lernen & Wandel', 'Management Review', 'Leitung und Governance-Gremien bewerten Status, Risiken, Wirksamkeit und Verbesserungen regelmaessig.', 'Management-Review-Protokolle, KPI, Risikoentwicklung, Auditstatus, Entscheidungen und Ressourcen.', 'Management', 4, TRUE, 230, '2026-06-14T00:00:00Z', '2026-06-14T00:00:00Z'),
    (24, 24, 'ISCY-24', 'LEARN', 'Lernen & Wandel', 'Verbesserung', 'Abweichungen, Lessons Learned und neue Risiken fuehren zu gesteuerter Verbesserung.', 'CAPA, Verbesserungsregister, Lessons Learned, Root Cause, Wirksamkeitspruefung und Roadmap-Bezug.', 'ISMS Manager', 4, TRUE, 240, '2026-06-14T00:00:00Z', '2026-06-14T00:00:00Z'),
    (25, 25, 'ISCY-25', 'LEARN', 'Lernen & Wandel', 'Tool-Governance', 'Sicherheits- und Compliance-Tools werden kontrolliert eingefuehrt, betrieben und abgeloest.', 'Tool-Inventar, Owner, Datenfluesse, Berechtigungen, Betriebskonzept, Exit und Review.', 'IT Operations', 3, TRUE, 250, '2026-06-14T00:00:00Z', '2026-06-14T00:00:00Z'),
    (26, 26, 'ISCY-26', 'LEARN', 'Lernen & Wandel', 'HR-Lifecycle Security', 'Eintritt, Wechsel, Austritt und Rollenwechsel sind mit Security- und Access-Prozessen gekoppelt.', 'Onboarding, Offboarding, Rollenwechsel, Schulungen, Zugriffsreviews und Nachweise zu kritischen Rollen.', 'HR / Identity', 4, TRUE, 260, '2026-06-14T00:00:00Z', '2026-06-14T00:00:00Z'),
    (27, 27, 'ISCY-27', 'LEARN', 'Lernen & Wandel', 'M&A-Governance', 'Akquisitionen, Carve-outs und Integrationen werden cyber-, daten- und complianceorientiert gesteuert.', 'Due-Diligence-Checklisten, Integrationsplan, Risikoentscheidungen, Datenuebergang und Lieferkettenbewertung.', 'Management', 3, TRUE, 270, '2026-06-14T00:00:00Z', '2026-06-14T00:00:00Z')
ON CONFLICT (id) DO NOTHING;

INSERT INTO iscy_control_regulatorymapping (
    id, control_id, framework, source_code, source_title, legal_reference, coverage_level, rationale, created_at, updated_at
) VALUES
    (1001, 1, 'NIS2', 'NIS2-20-21', 'Governance and cybersecurity risk management', 'NIS2 Art. 20, Art. 21', 'PRIMARY', 'Management-Verantwortung ist der Einstiegspunkt fuer Pflichten, Risikoentscheidungen und Nachweise.', '2026-06-14T00:00:00Z', '2026-06-14T00:00:00Z'),
    (1002, 1, 'DORA', 'DORA-5', 'Governance and organisation', 'DORA Art. 5', 'PRIMARY', 'DORA verankert ICT-Risikosteuerung beim Leitungsorgan.', '2026-06-14T00:00:00Z', '2026-06-14T00:00:00Z'),
    (1003, 1, 'ISO27001', 'ISO27001-5-6', 'Leadership and planning', 'ISO/IEC 27001 clauses 5 and 6', 'PRIMARY', 'Leadership, Ziele und Verantwortlichkeiten werden hier operativ gefuehrt.', '2026-06-14T00:00:00Z', '2026-06-14T00:00:00Z'),
    (1004, 2, 'NIS2', 'NIS2-21-2A', 'Risk analysis policies', 'NIS2 Art. 21(2)(a)', 'PRIMARY', 'Risikoanalyse ist eine Kernpflicht und wird ueber ISCY-02 gesteuert.', '2026-06-14T00:00:00Z', '2026-06-14T00:00:00Z'),
    (1005, 2, 'DORA', 'DORA-6-8', 'ICT risk management framework', 'DORA Art. 6 to 8', 'PRIMARY', 'DORA fordert ein ICT-Risikomanagement mit Identifikation und Schutz.', '2026-06-14T00:00:00Z', '2026-06-14T00:00:00Z'),
    (1006, 2, 'GDPR', 'GDPR-32', 'Risk appropriate security', 'GDPR Art. 32', 'SUPPORTING', 'Datenschutz-Sicherheit muss zum Risiko passend begruendet sein.', '2026-06-14T00:00:00Z', '2026-06-14T00:00:00Z'),
    (1007, 3, 'NIS2', 'NIS2-21-2D', 'Security in acquisition, development and maintenance', 'NIS2 Art. 21(2)(d)', 'SUPPORTING', 'Projekt- und Demand-Governance verankert Security-Anforderungen frueh.', '2026-06-14T00:00:00Z', '2026-06-14T00:00:00Z'),
    (1008, 3, 'CRA', 'CRA-13', 'Manufacturer lifecycle obligations', 'CRA Art. 13', 'SUPPORTING', 'Produktbezogene Anforderungen muessen im Demand- und Projektprozess landen.', '2026-06-14T00:00:00Z', '2026-06-14T00:00:00Z'),
    (1009, 3, 'AI_ACT', 'AI-ACT-17', 'Quality management system', 'AI Act Art. 17', 'SUPPORTING', 'AI-Governance benoetigt Freigaben, Rollen und lifecycle-nahe Steuerung.', '2026-06-14T00:00:00Z', '2026-06-14T00:00:00Z'),
    (1010, 4, 'NIS2', 'NIS2-23', 'Incident reporting obligations', 'NIS2 Art. 23', 'PRIMARY', 'ISCY-04 erzeugt Fallakte, Timeline und Meldepaket fuer NIS2.', '2026-06-14T00:00:00Z', '2026-06-14T00:00:00Z'),
    (1011, 4, 'DORA', 'DORA-17-23', 'ICT-related incident management and reporting', 'DORA Art. 17 to 23', 'PRIMARY', 'Incident Response ist zugleich DORA-Melde- und Klassifikationsanker.', '2026-06-14T00:00:00Z', '2026-06-14T00:00:00Z'),
    (1012, 4, 'GDPR', 'GDPR-33-34', 'Personal data breach notification', 'GDPR Art. 33 and 34', 'PRIMARY', 'Datenpannen werden als Incident-Sonderfall mit Kommunikations- und Freigabenachweisen behandelt.', '2026-06-14T00:00:00Z', '2026-06-14T00:00:00Z'),
    (1013, 4, 'TISAX', 'TISAX-INCIDENT', 'Incident and crisis handling', 'VDA ISA / TISAX assessment catalogue', 'SUPPORTING', 'TISAX-Pruefungen erwarten belastbare Reaktions- und Nachweisprozesse.', '2026-06-14T00:00:00Z', '2026-06-14T00:00:00Z'),
    (1014, 5, 'NIS2', 'NIS2-21-2C', 'Business continuity and crisis management', 'NIS2 Art. 21(2)(c)', 'PRIMARY', 'BCM, Backup und Krisenfaehigkeit werden als ein Steuerungsbereich betrachtet.', '2026-06-14T00:00:00Z', '2026-06-14T00:00:00Z'),
    (1015, 5, 'DORA', 'DORA-11', 'Response and recovery', 'DORA Art. 11', 'PRIMARY', 'DORA verlangt Wiederherstellungs- und Recovery-Faehigkeit.', '2026-06-14T00:00:00Z', '2026-06-14T00:00:00Z'),
    (1016, 5, 'ISO27001', 'ISO27001-A.5.30', 'ICT readiness for business continuity', 'ISO/IEC 27001 Annex A.5.30', 'PRIMARY', 'ISO-Readiness fuer Continuity wird hier zusammengefuehrt.', '2026-06-14T00:00:00Z', '2026-06-14T00:00:00Z'),
    (1017, 6, 'NIS2', 'NIS2-21-2C-BACKUP', 'Backup management', 'NIS2 Art. 21(2)(c)', 'PRIMARY', 'Backups und Restore-Tests sind konkrete Resilienz-Nachweise.', '2026-06-14T00:00:00Z', '2026-06-14T00:00:00Z'),
    (1018, 6, 'DORA', 'DORA-12', 'Backup policies and restoration methods', 'DORA Art. 12', 'PRIMARY', 'DORA operationalisiert Backup- und Wiederherstellungsanforderungen.', '2026-06-14T00:00:00Z', '2026-06-14T00:00:00Z'),
    (1019, 6, 'GDPR', 'GDPR-32-RESTORE', 'Restore availability and access', 'GDPR Art. 32(1)(c)', 'SUPPORTING', 'DSGVO verlangt zeitnahe Wiederherstellung personenbezogener Daten.', '2026-06-14T00:00:00Z', '2026-06-14T00:00:00Z'),
    (1020, 7, 'NIS2', 'NIS2-21-2D-F', 'Vulnerability handling and cyber hygiene', 'NIS2 Art. 21(2)(d), Art. 21(2)(f)', 'PRIMARY', 'CVE-Priorisierung und Remediation zahlen direkt auf NIS2 ein.', '2026-06-14T00:00:00Z', '2026-06-14T00:00:00Z'),
    (1021, 7, 'CRA', 'CRA-ANNEX-I-II', 'Vulnerability handling requirements', 'CRA Annex I Part II', 'PRIMARY', 'CRA-Schwachstellenannahme, Patches und Advisories werden hier gesteuert.', '2026-06-14T00:00:00Z', '2026-06-14T00:00:00Z'),
    (1022, 7, 'ISO27001', 'ISO27001-A.8.8', 'Management of technical vulnerabilities', 'ISO/IEC 27001 Annex A.8.8', 'PRIMARY', 'Technisches Schwachstellenmanagement ist der ISO-Anker fuer ISCY-07.', '2026-06-14T00:00:00Z', '2026-06-14T00:00:00Z'),
    (1023, 8, 'NIS2', 'NIS2-21-2B', 'Effectiveness and detection', 'NIS2 Art. 21(2)(b)', 'SUPPORTING', 'Monitoring liefert Nachweise fuer Wirksamkeit und Reaktion.', '2026-06-14T00:00:00Z', '2026-06-14T00:00:00Z'),
    (1024, 8, 'DORA', 'DORA-10', 'Detection', 'DORA Art. 10', 'PRIMARY', 'DORA fordert Erkennung anomaler Aktivitaeten und ICT-Vorfaelle.', '2026-06-14T00:00:00Z', '2026-06-14T00:00:00Z'),
    (1025, 8, 'AI_ACT', 'AI-ACT-12', 'Logging', 'AI Act Art. 12', 'SUPPORTING', 'AI-Systeme benoetigen Logs und Nachvollziehbarkeit.', '2026-06-14T00:00:00Z', '2026-06-14T00:00:00Z'),
    (1026, 9, 'NIS2', 'NIS2-21-2H-I', 'Access control and MFA', 'NIS2 Art. 21(2)(h), Art. 21(2)(i)', 'PRIMARY', 'IAM, MFA und Lifecycle sind direkte NIS2-Pflichten.', '2026-06-14T00:00:00Z', '2026-06-14T00:00:00Z'),
    (1027, 9, 'GDPR', 'GDPR-32-CONF', 'Confidentiality of processing systems', 'GDPR Art. 32(1)(b)', 'SUPPORTING', 'Zugriffskontrolle schuetzt Vertraulichkeit und Integritaet.', '2026-06-14T00:00:00Z', '2026-06-14T00:00:00Z'),
    (1028, 9, 'TISAX', 'TISAX-ACCESS', 'Identity and access management', 'VDA ISA / TISAX assessment catalogue', 'PRIMARY', 'TISAX bewertet Zugriffssteuerung und Privilegienmanagement.', '2026-06-14T00:00:00Z', '2026-06-14T00:00:00Z'),
    (1029, 10, 'NIS2', 'NIS2-21-2H-ASSET', 'Asset management', 'NIS2 Art. 21(2)(h)', 'PRIMARY', 'Asset-Transparenz ist Basis fuer Scope, Risiken und Meldebewertung.', '2026-06-14T00:00:00Z', '2026-06-14T00:00:00Z'),
    (1030, 10, 'DORA', 'DORA-8', 'Identification of ICT assets', 'DORA Art. 8', 'PRIMARY', 'DORA verlangt Identifikation von ICT-Assets und Abhaengigkeiten.', '2026-06-14T00:00:00Z', '2026-06-14T00:00:00Z'),
    (1031, 10, 'ISO27001', 'ISO27001-A.5.9', 'Inventory of information and associated assets', 'ISO/IEC 27001 Annex A.5.9', 'PRIMARY', 'ISO-Asset-Inventar wird in ISCY-10 operationalisiert.', '2026-06-14T00:00:00Z', '2026-06-14T00:00:00Z'),
    (1032, 11, 'GDPR', 'GDPR-5-30-32', 'Data principles, records and security', 'GDPR Art. 5, Art. 30, Art. 32', 'PRIMARY', 'Data Governance verbindet Verzeichnis, Schutzbedarf und technische Massnahmen.', '2026-06-14T00:00:00Z', '2026-06-14T00:00:00Z'),
    (1033, 11, 'AI_ACT', 'AI-ACT-10', 'Data and data governance', 'AI Act Art. 10', 'PRIMARY', 'AI-Data-Governance ist ein Sonderfall der Datensteuerung.', '2026-06-14T00:00:00Z', '2026-06-14T00:00:00Z'),
    (1034, 11, 'TISAX', 'TISAX-DATA-PROTECTION', 'Data protection objective', 'VDA ISA / TISAX assessment catalogue', 'SUPPORTING', 'TISAX umfasst Datenschutz- und Informationsschutzanforderungen.', '2026-06-14T00:00:00Z', '2026-06-14T00:00:00Z'),
    (1035, 12, 'NIS2', 'NIS2-21-2D-CHANGE', 'Security in maintenance', 'NIS2 Art. 21(2)(d)', 'PRIMARY', 'Aenderungen muessen sicherheitsbezogen bewertet und kontrolliert werden.', '2026-06-14T00:00:00Z', '2026-06-14T00:00:00Z'),
    (1036, 12, 'DORA', 'DORA-9-CHANGE', 'Change and ICT operations controls', 'DORA Art. 9', 'SUPPORTING', 'Change Management ist Teil belastbarer ICT-Betriebskontrollen.', '2026-06-14T00:00:00Z', '2026-06-14T00:00:00Z'),
    (1037, 12, 'CRA', 'CRA-13-CHANGE', 'Substantial modification and support period', 'CRA Art. 13', 'SUPPORTING', 'Produktveraenderungen brauchen Security-Gates und Rueckverfolgbarkeit.', '2026-06-14T00:00:00Z', '2026-06-14T00:00:00Z'),
    (1038, 13, 'CRA', 'CRA-ANNEX-I-I', 'Secure by design and default', 'CRA Annex I Part I', 'PRIMARY', 'Security by Design ist ein Hauptanker fuer CRA-Readiness.', '2026-06-14T00:00:00Z', '2026-06-14T00:00:00Z'),
    (1039, 13, 'GDPR', 'GDPR-25', 'Data protection by design and by default', 'GDPR Art. 25', 'PRIMARY', 'Privacy by Design wird in demselben Design-Gate nachgewiesen.', '2026-06-14T00:00:00Z', '2026-06-14T00:00:00Z'),
    (1040, 13, 'AI_ACT', 'AI-ACT-15', 'Accuracy, robustness and cybersecurity', 'AI Act Art. 15', 'SUPPORTING', 'AI-Cybersecurity wird als Designanforderung bewertet.', '2026-06-14T00:00:00Z', '2026-06-14T00:00:00Z'),
    (1041, 14, 'CRA', 'CRA-ANNEX-I-SDLC', 'Product security lifecycle', 'CRA Annex I', 'PRIMARY', 'Secure SDLC liefert Entwicklungs- und Release-Nachweise fuer CRA.', '2026-06-14T00:00:00Z', '2026-06-14T00:00:00Z'),
    (1042, 14, 'NIS2', 'NIS2-21-2D-SDLC', 'Secure development and maintenance', 'NIS2 Art. 21(2)(d)', 'PRIMARY', 'Sichere Entwicklung wird auch fuer NIS2-Umsetzung benoetigt.', '2026-06-14T00:00:00Z', '2026-06-14T00:00:00Z'),
    (1043, 14, 'ISO27001', 'ISO27001-A.8.25-A.8.29', 'Secure development lifecycle', 'ISO/IEC 27001 Annex A.8.25 to A.8.29', 'PRIMARY', 'ISO-Controls fuer sichere Entwicklung werden hier gebuendelt.', '2026-06-14T00:00:00Z', '2026-06-14T00:00:00Z'),
    (1044, 15, 'NIS2', 'NIS2-21-2C-SUPPLY', 'Supply chain security', 'NIS2 Art. 21(2)(c)', 'PRIMARY', 'Third-Party Risk operationalisiert Lieferkettenpflichten.', '2026-06-14T00:00:00Z', '2026-06-14T00:00:00Z'),
    (1045, 15, 'DORA', 'DORA-28-44', 'ICT third-party risk management', 'DORA Art. 28 to 44', 'PRIMARY', 'DORA fordert Vertrags-, Register- und Ueberwachungslogik fuer ICT-Dienstleister.', '2026-06-14T00:00:00Z', '2026-06-14T00:00:00Z'),
    (1046, 15, 'TISAX', 'TISAX-SUPPLIER', 'Supplier and service provider management', 'VDA ISA / TISAX assessment catalogue', 'PRIMARY', 'TISAX bewertet Dienstleister- und Lieferantensteuerung.', '2026-06-14T00:00:00Z', '2026-06-14T00:00:00Z'),
    (1047, 16, 'CRA', 'CRA-SBOM-CSAF', 'Component transparency and vulnerability information', 'CRA Annex I Part II', 'PRIMARY', 'SBOM, CSAF, CPE und PURL werden ueber ISCY-16 verbunden.', '2026-06-14T00:00:00Z', '2026-06-14T00:00:00Z'),
    (1048, 16, 'NIS2', 'NIS2-21-2C-COMP', 'Supply chain evidence', 'NIS2 Art. 21(2)(c)', 'SUPPORTING', 'Komponententransparenz verbessert Lieferkettenrisikobewertungen.', '2026-06-14T00:00:00Z', '2026-06-14T00:00:00Z'),
    (1049, 16, 'DORA', 'DORA-28-INFO-REGISTER', 'Register of information', 'DORA Art. 28', 'SUPPORTING', 'Information ueber ICT-Abhaengigkeiten laesst sich aus Supply-Chain-Daten ableiten.', '2026-06-14T00:00:00Z', '2026-06-14T00:00:00Z'),
    (1050, 17, 'NIS2', 'NIS2-20-TRAINING', 'Management body training', 'NIS2 Art. 20', 'PRIMARY', 'Training ist explizit fuer Leitungsorgane und Mitarbeitende relevant.', '2026-06-14T00:00:00Z', '2026-06-14T00:00:00Z'),
    (1051, 17, 'ISO27001', 'ISO27001-A.6.3', 'Information security awareness, education and training', 'ISO/IEC 27001 Annex A.6.3', 'PRIMARY', 'Awareness-Nachweise werden ueber dieses Control gefuehrt.', '2026-06-14T00:00:00Z', '2026-06-14T00:00:00Z'),
    (1052, 17, 'TISAX', 'TISAX-AWARENESS', 'Awareness and training', 'VDA ISA / TISAX assessment catalogue', 'PRIMARY', 'TISAX bewertet rollenbezogene Awareness und Schulungen.', '2026-06-14T00:00:00Z', '2026-06-14T00:00:00Z'),
    (1053, 18, 'NIS2', 'NIS2-23-COMMS', 'Incident communication', 'NIS2 Art. 23', 'PRIMARY', 'Meldungen und Stakeholder-Kommunikation brauchen abgestimmte Freigaben.', '2026-06-14T00:00:00Z', '2026-06-14T00:00:00Z'),
    (1054, 18, 'DORA', 'DORA-19-20-COMMS', 'Incident reporting content and templates', 'DORA Art. 19 and 20', 'SUPPORTING', 'DORA-Meldungen benoetigen strukturierte Kommunikation und Templates.', '2026-06-14T00:00:00Z', '2026-06-14T00:00:00Z'),
    (1055, 18, 'GDPR', 'GDPR-34', 'Communication to data subjects', 'GDPR Art. 34', 'SUPPORTING', 'Betroffenenkommunikation wird hier vorbereitet und freigegeben.', '2026-06-14T00:00:00Z', '2026-06-14T00:00:00Z'),
    (1056, 19, 'NIS2', 'NIS2-SCOPE', 'Applicability and regulatory mapping', 'NIS2 Directive scope and Art. 21', 'PRIMARY', 'NIS2-Pflichten werden als Quellen und Mapping-Versionen gepflegt.', '2026-06-14T00:00:00Z', '2026-06-14T00:00:00Z'),
    (1057, 19, 'DORA', 'DORA-SCOPE', 'Financial-sector lex specialis', 'DORA scope and Art. 2', 'SUPPORTING', 'DORA wird als eigenstaendige Mapping-Schicht gegen ISCY-27 gefuehrt.', '2026-06-14T00:00:00Z', '2026-06-14T00:00:00Z'),
    (1058, 19, 'TISAX', 'TISAX-SCOPE', 'Assessment scope and labels', 'ENX TISAX process', 'SUPPORTING', 'TISAX-Scopes und Labels koennen gegen die 27 Controls ausgewertet werden.', '2026-06-14T00:00:00Z', '2026-06-14T00:00:00Z'),
    (1059, 20, 'ISO27001', 'ISO27001-A.5.1', 'Policies for information security', 'ISO/IEC 27001 Annex A.5.1', 'PRIMARY', 'Policy-Management ist der operative Nachweisanker fuer viele Normen.', '2026-06-14T00:00:00Z', '2026-06-14T00:00:00Z'),
    (1060, 20, 'NIS2', 'NIS2-21-2A-POLICY', 'Security policies', 'NIS2 Art. 21(2)(a)', 'PRIMARY', 'NIS2 verlangt Policies fuer Risikoanalyse und Systemsicherheit.', '2026-06-14T00:00:00Z', '2026-06-14T00:00:00Z'),
    (1061, 20, 'DORA', 'DORA-6-POLICIES', 'ICT policies and procedures', 'DORA Art. 6', 'SUPPORTING', 'DORA-Policies werden als versionierte ISCY-Nachweise gepflegt.', '2026-06-14T00:00:00Z', '2026-06-14T00:00:00Z'),
    (1062, 21, 'ISO27001', 'ISO27001-9.2', 'Internal audit', 'ISO/IEC 27001 clause 9.2', 'PRIMARY', 'Interne Audits pruefen Wirksamkeit und Nachweise.', '2026-06-14T00:00:00Z', '2026-06-14T00:00:00Z'),
    (1063, 21, 'DORA', 'DORA-24-27', 'Digital operational resilience testing', 'DORA Art. 24 to 27', 'SUPPORTING', 'Testing und Auditbefunde werden in Massnahmen ueberfuehrt.', '2026-06-14T00:00:00Z', '2026-06-14T00:00:00Z'),
    (1064, 21, 'TISAX', 'TISAX-ASSESSMENT', 'Internal preparation for assessment', 'ENX TISAX assessment process', 'SUPPORTING', 'Interne Audits bereiten externe TISAX-Bewertung vor.', '2026-06-14T00:00:00Z', '2026-06-14T00:00:00Z'),
    (1065, 22, 'TISAX', 'TISAX-EXCHANGE', 'Assessment result exchange', 'ENX TISAX Exchange', 'PRIMARY', 'Customer Assurance nutzt strukturierte Freigabe und Austauschlogik.', '2026-06-14T00:00:00Z', '2026-06-14T00:00:00Z'),
    (1066, 22, 'NIS2', 'NIS2-SUPERVISION', 'Supervision and evidence', 'NIS2 supervision and enforcement', 'SUPPORTING', 'Aufsichts- und Kundennachweise werden aus denselben Evidenzen gebaut.', '2026-06-14T00:00:00Z', '2026-06-14T00:00:00Z'),
    (1067, 22, 'DORA', 'DORA-SUPERVISION', 'Supervisory requests and reporting', 'DORA chapters VI and VII', 'SUPPORTING', 'DORA-Pruefanfragen benoetigen versionierte Evidenzpakete.', '2026-06-14T00:00:00Z', '2026-06-14T00:00:00Z'),
    (1068, 23, 'ISO27001', 'ISO27001-9.3', 'Management review', 'ISO/IEC 27001 clause 9.3', 'PRIMARY', 'Management Review fasst Risiken, Gaps und Entscheidungen zusammen.', '2026-06-14T00:00:00Z', '2026-06-14T00:00:00Z'),
    (1069, 23, 'DORA', 'DORA-5-REVIEW', 'Management body responsibility', 'DORA Art. 5', 'PRIMARY', 'DORA-Managementverantwortung braucht regelmaessige Review-Signale.', '2026-06-14T00:00:00Z', '2026-06-14T00:00:00Z'),
    (1070, 23, 'NIS2', 'NIS2-20-REVIEW', 'Management accountability', 'NIS2 Art. 20', 'PRIMARY', 'Leitungsorgane koennen den Status ueber ISCY-23 nachvollziehen.', '2026-06-14T00:00:00Z', '2026-06-14T00:00:00Z'),
    (1071, 24, 'ISO27001', 'ISO27001-10.1', 'Continual improvement', 'ISO/IEC 27001 clause 10.1', 'PRIMARY', 'Verbesserung fuehrt Findings und Lessons Learned in Roadmaps.', '2026-06-14T00:00:00Z', '2026-06-14T00:00:00Z'),
    (1072, 24, 'NIS2', 'NIS2-21-2B-EFFECTIVENESS', 'Effectiveness of measures', 'NIS2 Art. 21(2)(b)', 'PRIMARY', 'Wirksamkeitsbewertung wird in Verbesserungsmassnahmen uebersetzt.', '2026-06-14T00:00:00Z', '2026-06-14T00:00:00Z'),
    (1073, 24, 'DORA', 'DORA-13', 'Learning and evolving', 'DORA Art. 13', 'SUPPORTING', 'DORA verlangt Lernen aus Vorfaellen und Tests.', '2026-06-14T00:00:00Z', '2026-06-14T00:00:00Z'),
    (1074, 25, 'DORA', 'DORA-ICT-TOOLS', 'ICT systems and tools governance', 'DORA Art. 6 to 9', 'PRIMARY', 'ICT-Tools muessen beherrschbar, sicher und pruefbar betrieben werden.', '2026-06-14T00:00:00Z', '2026-06-14T00:00:00Z'),
    (1075, 25, 'GDPR', 'GDPR-PROCESSORS-TOOLS', 'Processor and tool accountability', 'GDPR Art. 28 and Art. 32', 'SUPPORTING', 'Tools verarbeiten Daten und brauchen Rollen, Vertraege und Schutz.', '2026-06-14T00:00:00Z', '2026-06-14T00:00:00Z'),
    (1076, 25, 'TISAX', 'TISAX-TOOLS', 'IT systems and tool management', 'VDA ISA / TISAX assessment catalogue', 'SUPPORTING', 'Tool-Governance stuetzt TISAX-Pruefbarkeit im Alltag.', '2026-06-14T00:00:00Z', '2026-06-14T00:00:00Z'),
    (1077, 26, 'NIS2', 'NIS2-21-2H-HR', 'Human resources security', 'NIS2 Art. 21(2)(h)', 'PRIMARY', 'HR-Lifecycle ist direkt mit Zugriff, Rollen und Asset-Schutz gekoppelt.', '2026-06-14T00:00:00Z', '2026-06-14T00:00:00Z'),
    (1078, 26, 'ISO27001', 'ISO27001-A.6', 'People controls', 'ISO/IEC 27001 Annex A.6', 'PRIMARY', 'Personenbezogene Controls werden hier operationalisiert.', '2026-06-14T00:00:00Z', '2026-06-14T00:00:00Z'),
    (1079, 26, 'TISAX', 'TISAX-HR', 'Employee lifecycle and confidentiality', 'VDA ISA / TISAX assessment catalogue', 'SUPPORTING', 'TISAX erwartet geregelte Rollen, Vertraulichkeit und Offboarding.', '2026-06-14T00:00:00Z', '2026-06-14T00:00:00Z'),
    (1080, 27, 'NIS2', 'NIS2-21-SUPPLY-CHANGE', 'Supply chain and business change risk', 'NIS2 Art. 21(2)(c)', 'SUPPORTING', 'M&A veraendert Lieferketten, Prozesse, Assets und Meldepflichten.', '2026-06-14T00:00:00Z', '2026-06-14T00:00:00Z'),
    (1081, 27, 'DORA', 'DORA-THIRD-PARTY-CHANGE', 'ICT third-party and operational change', 'DORA Art. 28 to 44', 'SUPPORTING', 'Akquisitionen koennen kritische ICT-Dienstleister und Konzentrationsrisiken veraendern.', '2026-06-14T00:00:00Z', '2026-06-14T00:00:00Z'),
    (1082, 27, 'GDPR', 'GDPR-DUE-DILIGENCE', 'Data transfer and controller accountability', 'GDPR Art. 5, Art. 28, Art. 32', 'SUPPORTING', 'Datenuebergaenge und Verantwortlichkeiten muessen bei M&A bewertet werden.', '2026-06-14T00:00:00Z', '2026-06-14T00:00:00Z')
ON CONFLICT (id) DO NOTHING;

INSERT INTO iscy_control_tenantstatus (
    tenant_id, control_id, status, maturity_score, evidence_status, owner_id, notes, reviewed_at, created_at, updated_at
) VALUES
    (1, 1, 'PARTIAL', 3, 'PARTIAL', 1, 'Management-Rollen vorhanden, periodische Review noch ausbauen.', '2026-06-14', '2026-06-14T00:00:00Z', '2026-06-14T00:00:00Z'),
    (1, 2, 'IMPLEMENTED', 4, 'EVIDENCED', 1, 'Risikoregister und Treatment-Workflow vorhanden.', '2026-06-14', '2026-06-14T00:00:00Z', '2026-06-14T00:00:00Z'),
    (1, 3, 'PARTIAL', 2, 'PARTIAL', 1, 'Security-Gates fuer Demand sollten staerker formalisiert werden.', '2026-06-14', '2026-06-14T00:00:00Z', '2026-06-14T00:00:00Z'),
    (1, 4, 'EFFECTIVE', 5, 'EVIDENCED', 1, 'Incident-Fallakte, Timeline, Review und NIS2-Paket sind umgesetzt.', '2026-06-14', '2026-06-14T00:00:00Z', '2026-06-14T00:00:00Z'),
    (1, 5, 'PARTIAL', 3, 'PARTIAL', 1, 'BCM- und Wiederanlaufdaten sind vorhanden, Testabdeckung ausbauen.', '2026-06-14', '2026-06-14T00:00:00Z', '2026-06-14T00:00:00Z'),
    (1, 6, 'IMPLEMENTED', 4, 'EVIDENCED', 1, 'Backup- und Restore-Nachweise sind im Evidence-Modul abbildbar.', '2026-06-14', '2026-06-14T00:00:00Z', '2026-06-14T00:00:00Z'),
    (1, 7, 'IMPLEMENTED', 4, 'EVIDENCED', 1, 'CVE-, EPSS-, KEV- und Product-Security-Kontext ist angebunden.', '2026-06-14', '2026-06-14T00:00:00Z', '2026-06-14T00:00:00Z'),
    (1, 8, 'PARTIAL', 3, 'PARTIAL', 1, 'Agent-Posture und Detection-Kontext vorhanden, SIEM-Use-Cases ausbauen.', '2026-06-14', '2026-06-14T00:00:00Z', '2026-06-14T00:00:00Z'),
    (1, 9, 'PARTIAL', 3, 'PARTIAL', 1, 'RBAC vorhanden, formale Access-Reviews noch vertiefen.', '2026-06-14', '2026-06-14T00:00:00Z', '2026-06-14T00:00:00Z'),
    (1, 10, 'IMPLEMENTED', 4, 'EVIDENCED', 1, 'Asset-Register inklusive CPE/PURL/SBOM-Feldern ist verfuegbar.', '2026-06-14', '2026-06-14T00:00:00Z', '2026-06-14T00:00:00Z'),
    (1, 11, 'GAP', 1, 'MISSING', 1, 'Data-Governance-Register als eigener Workflow fehlt noch.', '2026-06-14', '2026-06-14T00:00:00Z', '2026-06-14T00:00:00Z'),
    (1, 12, 'PARTIAL', 3, 'PARTIAL', 1, 'Roadmap-Tasks vorhanden, Change-Gates noch nicht als eigener Prozess.', '2026-06-14', '2026-06-14T00:00:00Z', '2026-06-14T00:00:00Z'),
    (1, 13, 'IMPLEMENTED', 4, 'EVIDENCED', 1, 'Product-Security und Secure-by-Design-Readiness sind sichtbar.', '2026-06-14', '2026-06-14T00:00:00Z', '2026-06-14T00:00:00Z'),
    (1, 14, 'IMPLEMENTED', 4, 'EVIDENCED', 1, 'Secure-SDLC-Fragen und Product-Security-Roadmap sind angebunden.', '2026-06-14', '2026-06-14T00:00:00Z', '2026-06-14T00:00:00Z'),
    (1, 15, 'PARTIAL', 3, 'PARTIAL', 1, 'Lieferantenbasis vorhanden, DORA-Registertiefe noch ausbauen.', '2026-06-14', '2026-06-14T00:00:00Z', '2026-06-14T00:00:00Z'),
    (1, 16, 'PARTIAL', 3, 'PARTIAL', 1, 'SBOM/CSAF-Metadaten existieren, Importvalidierung ist naechster Schritt.', '2026-06-14', '2026-06-14T00:00:00Z', '2026-06-14T00:00:00Z'),
    (1, 17, 'PARTIAL', 3, 'PARTIAL', 1, 'Awareness-Fragen vorhanden, Trainingsworkflow noch schlanker machen.', '2026-06-14', '2026-06-14T00:00:00Z', '2026-06-14T00:00:00Z'),
    (1, 18, 'GAP', 1, 'MISSING', 1, 'Krisenkommunikation sollte als eigener Runbook-/Template-Typ folgen.', '2026-06-14', '2026-06-14T00:00:00Z', '2026-06-14T00:00:00Z'),
    (1, 19, 'PARTIAL', 3, 'PARTIAL', 1, 'Requirements und Mapping-Versionen sind da, DORA/DSGVO/TISAX-Mappings werden erweitert.', '2026-06-14', '2026-06-14T00:00:00Z', '2026-06-14T00:00:00Z'),
    (1, 20, 'PARTIAL', 3, 'PARTIAL', 1, 'Policies sind nachweisbar, Policy-CRUD und Freigabeworkflow fehlen noch.', '2026-06-14', '2026-06-14T00:00:00Z', '2026-06-14T00:00:00Z'),
    (1, 21, 'PARTIAL', 2, 'PARTIAL', 1, 'Audit-/Report-Grundlage existiert, Auditprogramm fehlt als eigener Workflow.', '2026-06-14', '2026-06-14T00:00:00Z', '2026-06-14T00:00:00Z'),
    (1, 22, 'GAP', 1, 'MISSING', 1, 'Customer-Assurance-Paket und TISAX-Export noch offen.', '2026-06-14', '2026-06-14T00:00:00Z', '2026-06-14T00:00:00Z'),
    (1, 23, 'PARTIAL', 2, 'PARTIAL', 1, 'Management-Review sollte aus Dashboard, Risiken, Audits und Roadmap generiert werden.', '2026-06-14', '2026-06-14T00:00:00Z', '2026-06-14T00:00:00Z'),
    (1, 24, 'PARTIAL', 3, 'PARTIAL', 1, 'Roadmap und Measures vorhanden, CAPA-Wirksamkeitspruefung noch ausbauen.', '2026-06-14', '2026-06-14T00:00:00Z', '2026-06-14T00:00:00Z'),
    (1, 25, 'GAP', 1, 'MISSING', 1, 'Tool-Governance-Register fehlt noch.', '2026-06-14', '2026-06-14T00:00:00Z', '2026-06-14T00:00:00Z'),
    (1, 26, 'PARTIAL', 2, 'PARTIAL', 1, 'HR-Lifecycle ist ueber IAM-Fragen angedeutet, eigener Workflow fehlt.', '2026-06-14', '2026-06-14T00:00:00Z', '2026-06-14T00:00:00Z'),
    (1, 27, 'GAP', 0, 'MISSING', 1, 'M&A-Governance ist als neues Fachmodul noch offen.', '2026-06-14', '2026-06-14T00:00:00Z', '2026-06-14T00:00:00Z')
ON CONFLICT (tenant_id, control_id) DO UPDATE SET
    status = EXCLUDED.status,
    maturity_score = EXCLUDED.maturity_score,
    evidence_status = EXCLUDED.evidence_status,
    owner_id = EXCLUDED.owner_id,
    notes = EXCLUDED.notes,
    reviewed_at = EXCLUDED.reviewed_at,
    updated_at = EXCLUDED.updated_at;
